,num0,num1,num2,num3,num4,num5,num6,num7,num8,num9,num10,num11,num12,num13,num14,num15,num16,num17,num18,num19,num20,num21,num22,num23,num24,num25,num26,num27,num28,num29,num30,num31,num32,num33,num34,num35,num36,num37,num38,num39,num40,num41,num42,num43,num44,num45,num46,num47,num48,num49,num50,num51,num52,num53,num54,num55,num56,num57,num58,num59,num60,num61,num62,num63,num64,num65,num66,num67,num68,num69,num70,num71,num72,num73,num74,num75,num76,num77,num78,num79,num80,num81,num82,num83,num84,num85,num86,num87,num88,num89,num90
0,12.68,1.84,8.89,1.65,4.56,2.75,6.76,3.4,10.0,2.64,12.49,3.27,14.1,2.63,8.72,2.92,4.94,3.88,5.55,3.24,8.29,3.86,13.54,4.11,5.49,4.59,10.76,4.76,11.73,4.22,13.59,6.19,14.809999999999999,4.88,8.56,3.2,14.73,4.44,9.57,2.31,10.86,2.41,12.21,2.93,8.48,2.41,10.0,3.38,10.22,2.93,10.88,3.13,12.25,3.29,8.02,2.41,12.71,2.36,5.46,3.68,10.71,10.26,6.140000000000001,9.76,10.37,10.2,13.11,10.13,5.5,8.44,9.17,11.77,8.05,11.39,11.74,10.37,15.71,12.01,12.129999999999999,11.379999999999999,10.78,9.39,10.3,10.18,9.92,10.96,10.12,10.14,11.44,8.98,0
