,num0,num1,num2,num3,num4,num5,num6,num7,num8,num9,num10,num11,num12,num13,num14,num15,num16,num17,num18,num19,num20,num21,num22,num23,num24,num25,num26,num27,num28,num29,num30,num31,num32,num33,num34,num35,num36,num37,num38,num39,num40,num41,num42,num43,num44,num45,num46,num47,num48,num49,num50,num51,num52,num53,num54,num55,num56,num57,num58,num59,num60,num61,num62,num63,num64,num65,num66,num67,num68,num69,num70,num71,num72,num73,num74,num75,num76,num77,num78,num79,num80,num81,num82,num83,num84,num85,num86,num87,num88,num89,num90
0,7.4,3.87,4.47,3.98,7.02,2.87,12.65,3.67,4.96,3.64,11.18,3.51,11.59,2.73,8.620000000000001,3.35,10.2,4.35,13.67,4.65,2.63,5.52,8.51,3.13,2.1100000000000003,5.97,11.39,6.03,17.48,5.79,10.19,5.67,17.66,5.96,8.02,3.11,13.05,4.66,14.91,3.87,9.15,2.12,9.16,2.29,10.21,2.09,10.0,2.03,11.93,2.55,9.79,2.45,15.66,3.99,10.23,3.15,13.76,4.4,0.03999999999999915,0.46,8.77,8.48,9.06,11.82,6.99,8.79,11.99,10.63,10.74,13.15,6.29,10.11,9.17,9.4,9.72,10.31,11.84,9.68,10.05,12.28,10.38,9.29,10.87,10.39,10.51,10.33,11.72,11.25,11.34,2.2800000000000002,0
